{
  "frames": [
    {
      "filename": "gr (1) (1).png",
      "frame": {
        "x": 0,
        "y": 0,
        "w": 100,
        "h": 100
      },
      "rotated": false,
      "trimmed": false,
      "spriteSourceSize": {
        "x": 0,
        "y": 0,
        "w": 100,
        "h": 100
      },
      "sourceSize": {
        "w": 100,
        "h": 100
      },
      "pivot": {
        "x": 0.5,
        "y": 0.5
      }
    },
    {
      "filename": "sprite-1-2.png",
      "frame": {
        "x": 0,
        "y": 100,
        "w": 90,
        "h": 97
      },
      "rotated": false,
      "trimmed": false,
      "spriteSourceSize": {
        "x": 0,
        "y": 0,
        "w": 90,
        "h": 97
      },
      "sourceSize": {
        "w": 90,
        "h": 97
      },
      "pivot": {
        "x": 0.5,
        "y": 0.5
      }
    },
    {
      "filename": "sprite-3-2.png",
      "frame": {
        "x": 100,
        "y": 0,
        "w": 97,
        "h": 90
      },
      "rotated": false,
      "trimmed": false,
      "spriteSourceSize": {
        "x": 0,
        "y": 0,
        "w": 97,
        "h": 90
      },
      "sourceSize": {
        "w": 97,
        "h": 90
      },
      "pivot": {
        "x": 0.5,
        "y": 0.5
      }
    },
    {
      "filename": "sprite-1-1.png",
      "frame": {
        "x": 0,
        "y": 197,
        "w": 89,
        "h": 95
      },
      "rotated": false,
      "trimmed": false,
      "spriteSourceSize": {
        "x": 0,
        "y": 0,
        "w": 89,
        "h": 95
      },
      "sourceSize": {
        "w": 89,
        "h": 95
      },
      "pivot": {
        "x": 0.5,
        "y": 0.5
      }
    },
    {
      "filename": "sprite-1-3.png",
      "frame": {
        "x": 90,
        "y": 100,
        "w": 91,
        "h": 94
      },
      "rotated": false,
      "trimmed": false,
      "spriteSourceSize": {
        "x": 0,
        "y": 0,
        "w": 91,
        "h": 94
      },
      "sourceSize": {
        "w": 91,
        "h": 94
      },
      "pivot": {
        "x": 0.5,
        "y": 0.5
      }
    },
    {
      "filename": "sprite-3-3.png",
      "frame": {
        "x": 197,
        "y": 0,
        "w": 94,
        "h": 90
      },
      "rotated": false,
      "trimmed": false,
      "spriteSourceSize": {
        "x": 0,
        "y": 0,
        "w": 94,
        "h": 90
      },
      "sourceSize": {
        "w": 94,
        "h": 90
      },
      "pivot": {
        "x": 0.5,
        "y": 0.5
      }
    },
    {
      "filename": "sprite-2-2.png",
      "frame": {
        "x": 89,
        "y": 197,
        "w": 89,
        "h": 94
      },
      "rotated": false,
      "trimmed": false,
      "spriteSourceSize": {
        "x": 0,
        "y": 0,
        "w": 89,
        "h": 94
      },
      "sourceSize": {
        "w": 89,
        "h": 94
      },
      "pivot": {
        "x": 0.5,
        "y": 0.5
      }
    },
    {
      "filename": "sprite-2-3.png",
      "frame": {
        "x": 181,
        "y": 90,
        "w": 92,
        "h": 93
      },
      "rotated": false,
      "trimmed": false,
      "spriteSourceSize": {
        "x": 0,
        "y": 0,
        "w": 92,
        "h": 93
      },
      "sourceSize": {
        "w": 92,
        "h": 93
      },
      "pivot": {
        "x": 0.5,
        "y": 0.5
      }
    },
    {
      "filename": "sprite-3-1.png",
      "frame": {
        "x": 291,
        "y": 0,
        "w": 88,
        "h": 90
      },
      "rotated": false,
      "trimmed": false,
      "spriteSourceSize": {
        "x": 0,
        "y": 0,
        "w": 88,
        "h": 90
      },
      "sourceSize": {
        "w": 88,
        "h": 90
      },
      "pivot": {
        "x": 0.5,
        "y": 0.5
      }
    },
    {
      "filename": "sprite-2-1.png",
      "frame": {
        "x": 178,
        "y": 194,
        "w": 85,
        "h": 92
      },
      "rotated": false,
      "trimmed": false,
      "spriteSourceSize": {
        "x": 0,
        "y": 0,
        "w": 85,
        "h": 92
      },
      "sourceSize": {
        "w": 85,
        "h": 92
      },
      "pivot": {
        "x": 0.5,
        "y": 0.5
      }
    }
  ],
  "meta": {
    "app": "http://free-tex-packer.com",
    "version": "0.6.7",
    "image": "texture.png",
    "format": "RGBA8888",
    "size": {
      "w": 379,
      "h": 292
    },
    "scale": 1
  }
}